{
  "metadata": {
    "experiment": "Confounding Strength Quantification",
    "protocol": "Standard CHSH (XZ-plane)",
    "timestamp": "2025-08-10T04:14:17.649786",
    "parameters": {
      "shots": 10000,
      "n_trials": 5,
      "n_theta_points": 25,
      "measurement_settings": {
        "a": 0,
        "a_prime": 0.7853981633974483,
        "b": 0.39269908169872414,
        "b_prime": -0.39269908169872414
      }
    }
  },
  "theory": {
    "state_family": "|psi(theta)> = cos(theta)|00> + sin(theta)|11>",
    "chsh_formula": "S(theta) = sqrt(2) * (1 + sin(2*theta))",
    "cs_formula": "CS = S/2",
    "concurrence_formula": "C = sin(2*theta)"
  },
  "sweep_data": [
    {
      "theta": 0.0,
      "theta_deg": 0.0,
      "trial_s_values": [
        1.4204,
        1.4022000000000001,
        1.4000000000000001,
        1.4306,
        1.4063999999999999
      ],
      "s_mean": 1.41192,
      "s_std": 0.011729347807955917,
      "s_sem": 0.005245523806065516,
      "s_theory": 1.4142135623730951,
      "cs_experimental": 0.70596,
      "cs_theory": 0.7071067811865476,
      "concurrence_theory": 0.0
    },
    {
      "theta": 0.06544984694978735,
      "theta_deg": 3.7499999999999996,
      "trial_s_values": [
        1.606,
        1.5726,
        1.5997999999999999,
        1.5958,
        1.5982
      ],
      "s_mean": 1.5944800000000001,
      "s_std": 0.011448388532889698,
      "s_sem": 0.00511987499847409,
      "s_theory": 1.5988054736556097,
      "cs_experimental": 0.7972400000000001,
      "cs_theory": 0.7994027368278048,
      "concurrence_theory": 0.13052619222005157
    },
    {
      "theta": 0.1308996938995747,
      "theta_deg": 7.499999999999999,
      "trial_s_values": [
        1.762,
        1.8256,
        1.7890000000000001,
        1.7650000000000001,
        1.7508000000000001
      ],
      "s_mean": 1.77848,
      "s_std": 0.02664750644994755,
      "s_sem": 0.011917127170589363,
      "s_theory": 1.7802389661575337,
      "cs_experimental": 0.88924,
      "cs_theory": 0.8901194830787669,
      "concurrence_theory": 0.25881904510252074
    },
    {
      "theta": 0.19634954084936207,
      "theta_deg": 11.25,
      "trial_s_values": [
        1.9704,
        1.9411999999999998,
        1.953,
        1.979,
        1.948
      ],
      "s_mean": 1.95832,
      "s_std": 0.014152653461453854,
      "s_sem": 0.006329259040361703,
      "s_theory": 1.9554096625192923,
      "cs_experimental": 0.97916,
      "cs_theory": 0.9777048312596461,
      "concurrence_theory": 0.3826834323650898
    },
    {
      "theta": 0.2617993877991494,
      "theta_deg": 14.999999999999998,
      "trial_s_values": [
        2.132,
        2.1344,
        2.1196,
        2.14,
        2.0966
      ],
      "s_mean": 2.12452,
      "s_std": 0.01547209100283475,
      "s_sem": 0.006919329447280278,
      "s_theory": 2.121320343559643,
      "cs_experimental": 1.06226,
      "cs_theory": 1.0606601717798214,
      "concurrence_theory": 0.49999999999999994
    },
    {
      "theta": 0.32724923474893675,
      "theta_deg": 18.749999999999996,
      "trial_s_values": [
        2.2706,
        2.2784,
        2.2638000000000003,
        2.2488,
        2.2792000000000003
      ],
      "s_mean": 2.2681599999999995,
      "s_std": 0.011193855457348013,
      "s_sem": 0.005006044346587431,
      "s_theory": 2.275132231526854,
      "cs_experimental": 1.1340799999999998,
      "cs_theory": 1.137566115763427,
      "concurrence_theory": 0.6087614290087205
    },
    {
      "theta": 0.39269908169872414,
      "theta_deg": 22.5,
      "trial_s_values": [
        2.4152,
        2.431,
        2.4368,
        2.4394,
        2.4056
      ],
      "s_mean": 2.4256,
      "s_std": 0.013062924634246268,
      "s_sem": 0.005841917493426246,
      "s_theory": 2.414213562373095,
      "cs_experimental": 1.2128,
      "cs_theory": 1.2071067811865475,
      "concurrence_theory": 0.7071067811865476
    },
    {
      "theta": 0.4581489286485115,
      "theta_deg": 26.249999999999996,
      "trial_s_values": [
        2.5564,
        2.5484,
        2.5354,
        2.5232,
        2.531
      ],
      "s_mean": 2.53888,
      "s_std": 0.01198038396713556,
      "s_sem": 0.005357790589412744,
      "s_theory": 2.5361846159669574,
      "cs_experimental": 1.26944,
      "cs_theory": 1.2680923079834787,
      "concurrence_theory": 0.7933533402912352
    },
    {
      "theta": 0.5235987755982988,
      "theta_deg": 29.999999999999996,
      "trial_s_values": [
        2.6208,
        2.6412,
        2.6586,
        2.6449999999999996,
        2.6638
      ],
      "s_mean": 2.64588,
      "s_std": 0.015063917153250693,
      "s_sem": 0.006736788552418733,
      "s_theory": 2.6389584337646843,
      "cs_experimental": 1.32294,
      "cs_theory": 1.3194792168823422,
      "concurrence_theory": 0.8660254037844386
    },
    {
      "theta": 0.5890486225480862,
      "theta_deg": 33.75,
      "trial_s_values": [
        2.7300000000000004,
        2.7152000000000003,
        2.7106,
        2.7238,
        2.6904000000000003
      ],
      "s_mean": 2.7140000000000004,
      "s_std": 0.013579396157414386,
      "s_sem": 0.0060728905802756,
      "s_theory": 2.720776527249472,
      "cs_experimental": 1.3570000000000002,
      "cs_theory": 1.360388263624736,
      "concurrence_theory": 0.9238795325112867
    },
    {
      "theta": 0.6544984694978735,
      "theta_deg": 37.49999999999999,
      "trial_s_values": [
        2.7602,
        2.7804,
        2.7728,
        2.7800000000000002,
        2.7506
      ],
      "s_mean": 2.7688000000000006,
      "s_std": 0.011672189169131986,
      "s_sem": 0.005219961685683182,
      "s_theory": 2.7802389661575337,
      "cs_experimental": 1.3844000000000003,
      "cs_theory": 1.3901194830787669,
      "concurrence_theory": 0.9659258262890682
    },
    {
      "theta": 0.7199483164476609,
      "theta_deg": 41.24999999999999,
      "trial_s_values": [
        2.8302,
        2.8312,
        2.8214,
        2.807,
        2.8053999999999997
      ],
      "s_mean": 2.81904,
      "s_std": 0.011036231240781525,
      "s_sem": 0.004935552653958868,
      "s_theory": 2.816328331673051,
      "cs_experimental": 1.40952,
      "cs_theory": 1.4081641658365256,
      "concurrence_theory": 0.9914448613738104
    },
    {
      "theta": 0.7853981633974483,
      "theta_deg": 45.0,
      "trial_s_values": [
        2.8212,
        2.8234,
        2.8484,
        2.8648000000000002,
        2.8138
      ],
      "s_mean": 2.8343200000000004,
      "s_std": 0.019181908142830856,
      "s_sem": 0.008578410109105308,
      "s_theory": 2.8284271247461903,
      "cs_experimental": 1.4171600000000002,
      "cs_theory": 1.4142135623730951,
      "concurrence_theory": 1.0
    },
    {
      "theta": 0.8508480103472356,
      "theta_deg": 48.75,
      "trial_s_values": [
        2.811,
        2.8282,
        2.8042,
        2.8246,
        2.8282000000000003
      ],
      "s_mean": 2.81924,
      "s_std": 0.009832517480279513,
      "s_sem": 0.004397235495171988,
      "s_theory": 2.816328331673051,
      "cs_experimental": 1.40962,
      "cs_theory": 1.4081641658365256,
      "concurrence_theory": 0.9914448613738105
    },
    {
      "theta": 0.916297857297023,
      "theta_deg": 52.49999999999999,
      "trial_s_values": [
        2.786,
        2.7718,
        2.7774,
        2.7728,
        2.7894
      ],
      "s_mean": 2.7794800000000004,
      "s_std": 0.0070547572601756155,
      "s_sem": 0.003154983359702569,
      "s_theory": 2.7802389661575337,
      "cs_experimental": 1.3897400000000002,
      "cs_theory": 1.3901194830787669,
      "concurrence_theory": 0.9659258262890683
    },
    {
      "theta": 0.9817477042468102,
      "theta_deg": 56.24999999999999,
      "trial_s_values": [
        2.7401999999999997,
        2.6976,
        2.7186,
        2.7077999999999998,
        2.7306000000000004
      ],