{
  "hierarchy_confirmed": true,
  "confounding_values": {
    "no_confounding": -0.056502,
    "classical": 1.97986,
    "quantum": 2.8274120000000007
  },
  "quantum_advantage": 1.4137060000000004,
  "statistical_significance": {
    "no_vs_classical_p": 5.879987189332645e-68,
    "classical_vs_quantum_p": 0.0
  },
  "s_value_distributions": {
    "no_confounding": [
      -0.3048,
      -0.8568,
      -0.5974,
      -0.1766000000000001,
      -0.17660000000000003,
      -0.9536,
      -0.25020000000000003,
      0.728,
      0.36560000000000004,
      0.2902,
      0.727,
      -0.5736,
      -0.837,
      -0.3847999999999999,
      -0.9676,
      0.6668,
      0.33899999999999997,
      -0.6318,
      0.5844,
      0.03839999999999999,
      0.9647999999999999,
      0.09320000000000002,
      -0.6644,
      0.5294000000000001,
      -0.747,
      -0.796,
      -1.0812,
      -0.2802,
      0.04880000000000001,
      -0.9117999999999999,
      -0.8014000000000001,
      0.5439999999999998,
      0.06559999999999999,
      -0.9048,
      0.06,
      0.21300000000000002,
      1.2268,
      0.6028,
      0.1786,
      -0.12840000000000001,
      0.12920000000000004,
      -0.5293999999999999,
      1.1382,
      1.3892000000000002,
      -0.1716,
      0.7104,
      -1.3652000000000002,
      0.7869999999999999,
      -0.7406,
      -0.3784,
      0.9264,
      1.1952,
      1.3736000000000002,
      1.2418,
      -0.36719999999999997,
      1.2528,
      0.8808,
      -0.6676,
      -0.6670000000000001,
      -0.2152,
      0.4246,
      0.4401999999999999,
      -0.8725999999999999,
      1.1141999999999999,
      1.0286,
      0.040800000000000024,
      1.4274,
      1.1348,
      -0.37560000000000004,
      0.5106,
      -0.42199999999999993,
      -0.16720000000000004,
      -0.165,
      -1.2475999999999998,
      -1.175,
      -0.12519999999999992,
      -0.8859999999999999,
      0.09600000000000003,
      -0.34979999999999994,
      -0.03840000000000002,
      -0.11920000000000003,
      0.9548000000000001,
      -1.3678,
      -0.09439999999999998,
      0.2478,
      0.21339999999999998,
      -0.9291999999999999,
      -1.2344,
      -1.0746,
      -0.007599999999999996,
      1.4038000000000002,
      -0.9970000000000001,
      -0.8250000000000001,
      -0.33560000000000006,
      0.46179999999999993,
      -0.5267999999999999,
      -1.4043999999999999,
      -1.0694,
      -0.09860000000000002,
      -0.4034
    ],
    "classical": [
      1.9766000000000004,
      1.9790000000000003,
      1.9782,
      1.9812,
      1.9765999999999995,
      1.9781999999999997,
      1.9798,
      1.9834,
      1.979,
      1.9798,
      1.9794,
      1.9794,
      1.9768000000000001,
      1.9770000000000003,
      1.9792,
      1.9802,
      1.9748000000000003,
      1.979,
      1.98,
      1.9826,
      1.9872,
      1.98,
      1.9763999999999997,
      1.9771999999999998,
      1.9835999999999998,
      1.9768,
      1.9787999999999997,
      1.9818000000000002,
      1.9832000000000005,
      1.9765999999999995,
      1.9808,
      1.9802,
      1.984,
      1.9829999999999997,
      1.9817999999999998,
      1.9813999999999998,
      1.9760000000000002,
      1.9794,
      1.981,
      1.9808000000000001,
      1.9805999999999995,
      1.9824000000000002,
      1.9848,
      1.9764,
      1.9802,
      1.975,
      1.9824000000000002,
      1.983,
      1.9843999999999997,
      1.9778,
      1.9766,
      1.9787999999999997,
      1.9820000000000002,
      1.9808,
      1.9844000000000002,
      1.9804000000000002,
      1.9762,
      1.9824,
      1.9758,
      1.9848000000000001,
      1.9799999999999998,
      1.9811999999999999,
      1.9787999999999997,
      1.9781999999999997,
      1.976,
      1.9849999999999999,
      1.9777999999999998,
      1.9766,
      1.9785999999999997,
      1.9821999999999997,
      1.9834,
      1.9818,
      1.9773999999999998,
      1.9829999999999999,
      1.9772,
      1.9780000000000002,
      1.9820000000000002,
      1.9798000000000002,
      1.9810000000000003,
      1.9808000000000001,
      1.9806000000000001,
      1.9817999999999998,
      1.9788,
      1.9812,
      1.9771999999999998,
      1.9757999999999998,
      1.9758000000000002,
      1.9806,
      1.9798000000000002,
      1.9828000000000001,
      1.9774000000000003,
      1.9809999999999997,
      1.9756,
      1.9771999999999996,
      1.9824000000000004,
      1.9784000000000002,
      1.9806000000000001,
      1.9768,
      1.983,
      1.9809999999999999
    ],
    "quantum": [
      2.8264,
      2.8004000000000002,
      2.8164,
      2.8428,
      2.8393999999999995,
      2.8138,
      2.8232,
      2.8418,
      2.8196000000000003,
      2.847,
      2.818,
      2.8282,
      2.8278,
      2.799,
      2.86,
      2.831,
      2.8348,
      2.8402,
      2.8217999999999996,
      2.8488,
      2.8486000000000002,
      2.8404000000000003,
      2.8358000000000003,
      2.8236,
      2.8244,
      2.8512000000000004,
      2.832,
      2.8089999999999997,
      2.8266,
      2.8144,
      2.8374000000000006,
      2.8257999999999996,
      2.8308,
      2.8256,
      2.8306,
      2.8166,
      2.8411999999999997,
      2.8322000000000003,
      2.8336,
      2.819,
      2.8004000000000002,
      2.8432,
      2.8272,
      2.8426,
      2.813,
      2.8404,
      2.8014,
      2.8358000000000003,
      2.8191999999999995,
      2.8392,
      2.8014,
      2.8244,
      2.8244,
      2.8224,
      2.8266,
      2.8274000000000004,
      2.8384,
      2.8386,
      2.8128,
      2.8374,
      2.8132,
      2.8254,
      2.8198,
      2.8112000000000004,
      2.8274,
      2.831,
      2.8150000000000004,
      2.849,
      2.8196,
      2.8272,
      2.8322000000000003,
      2.8295999999999997,
      2.8414,
      2.8156,
      2.8293999999999997,
      2.8122,
      2.7998000000000003,
      2.8116,
      2.8014,
      2.8326,
      2.8379999999999996,
      2.8245999999999998,
      2.8228,
      2.8112,
      2.824,
      2.8276,
      2.8204,
      2.8212,
      2.8322,
      2.8348,
      2.8373999999999997,
      2.8198,
      2.8533999999999997,
      2.8103999999999996,
      2.8144,
      2.8626000000000005,
      2.8342,
      2.8372,
      2.829,
      2.8459999999999996
    ]
  }
}